{"stress_score": 89, "shipping_stress": 13.61556710779379, "energy_stress": 78.42263447670858}