{"stress_score": 93, "shipping_stress": 13.340924305013946, "energy_stress": 87.72411069461022}