{"stress_score": 92, "shipping_stress": 10.873283141324741, "energy_stress": 88.82872528871661}