{"stress_score": 54, "shipping_stress": 24.13793638937245, "energy_stress": -24.427870009882625}