{"stress_score": 100, "shipping_stress": 19.83944368416626, "energy_stress": 96.41127281593103}