{"stress_score": 58, "shipping_stress": 16.299134798889025, "energy_stress": -2.8357415188787094}