{"stress_score": 85, "shipping_stress": 10.502288513571823, "energy_stress": 72.99411308382547}