{"stress_score": 89, "shipping_stress": 13.50000381469727, "energy_stress": 78.57142933020991}