{"stress_score": 88, "shipping_stress": 4.732140553544939, "energy_stress": 89.56590943940309}