{"stress_score": 72, "shipping_stress": 20.918870372255547, "energy_stress": 24.03174220170805}