{"stress_score": 81, "shipping_stress": 2.361491584712172, "energy_stress": 75.82876062571388}