{"stress_score": 60, "shipping_stress": 24.612620740490133, "energy_stress": -11.617832471931655}