{"stress_score": 85, "shipping_stress": 3.278694220038547, "energy_stress": 83.34239938217274}