{"stress_score": 84, "shipping_stress": 6.202204875487571, "energy_stress": 76.19281903293418}