{"stress_score": 76, "shipping_stress": 6.669390855761903, "energy_stress": 55.407725892724}