{"stress_score": 60, "shipping_stress": 20.10204314986943, "energy_stress": -2.863627338117325}