{"stress_score": 85, "shipping_stress": 8.691409797029426, "energy_stress": 75.11827897168588}