{"stress_score": 71, "shipping_stress": 21.414911691673268, "energy_stress": 22.29475809305392}