{"stress_score": 91, "shipping_stress": 17.98397171618127, "energy_stress": 77.19469138966677}