{"stress_score": 96, "shipping_stress": 14.223185866839305, "energy_stress": 95.74709390266023}