{"stress_score": 83, "shipping_stress": 2.8886931664416915, "energy_stress": 78.33127509436541}