{"stress_score": 49, "shipping_stress": 15.331104321112088, "energy_stress": -25.123261300681232}