{"stress_score": 92, "shipping_stress": 19.774010447097588, "energy_stress": 76.01017798759034}