{"stress_score": 84, "shipping_stress": 10.557079063608521, "energy_stress": 71.22532951270347}