{"stress_score": 53, "shipping_stress": 14.963681402759343, "energy_stress": -14.223542926397027}