{"stress_score": 62, "shipping_stress": 17.445185544660767, "energy_stress": 4.62090328111695}