{"stress_score": 80, "shipping_stress": -0.2613217261971057, "energy_stress": 76.39626886549533}