{"stress_score": 87, "shipping_stress": 2.775374292364119, "energy_stress": 89.42405840248031}