{"stress_score": 95, "shipping_stress": 22.044914452821462, "energy_stress": 79.94489267014984}