{"stress_score": 93, "shipping_stress": 22.56586907591247, "energy_stress": 74.20795120254269}