{"stress_score": 85, "shipping_stress": 10.59360609696629, "energy_stress": 71.68675046353805}