{"stress_score": 74, "shipping_stress": 20.56529833924965, "energy_stress": 29.540871776593658}