{"stress_score": 95, "shipping_stress": 15.665798316719147, "energy_stress": 89.32038932133024}