{"stress_score": 90, "shipping_stress": 7.843138211397971, "energy_stress": 89.18986963596227}