{"stress_score": 58, "shipping_stress": 14.912287893204535, "energy_stress": -1.97405843970756}