{"stress_score": 54, "shipping_stress": 11.028040431870089, "energy_stress": -6.114896789659586}