{"stress_score": 55, "shipping_stress": 13.999996185302743, "energy_stress": -6.779809340614329}