{"stress_score": 94, "shipping_stress": 17.84870238857088, "energy_stress": 84.52726463079694}