{"stress_score": 72, "shipping_stress": 9.895827641917831, "energy_stress": 41.97903536439529}