{"stress_score": 57, "shipping_stress": 16.99999809265136, "energy_stress": -6.261573782819219}