{"stress_score": 73, "shipping_stress": 5.360063164143036, "energy_stress": 50.280989918944144}