{"stress_score": 52, "shipping_stress": 13.49446235051419, "energy_stress": -15.072458978489156}