{"stress_score": 53, "shipping_stress": 17.002018162987163, "energy_stress": -17.522914333471352}