{"stress_score": 83, "shipping_stress": 12.251249152394706, "energy_stress": 65.42133317798525}