{"stress_score": 60, "shipping_stress": 15.915917807973322, "energy_stress": 1.9265601753325479}