{"stress_score": 89, "shipping_stress": 11.946897389455845, "energy_stress": 81.53968139335643}