{"stress_score": 72, "shipping_stress": 3.5199966430664142, "energy_stress": 52.18404536224992}