{"stress_score": 91, "shipping_stress": 20.464141642774504, "energy_stress": 74.11781703417653}