{"stress_score": 93, "shipping_stress": 10.084032865166215, "energy_stress": 92.47619756320987}