{"stress_score": 59, "shipping_stress": 12.371131072031826, "energy_stress": 5.372511841048588}