{"stress_score": 57, "shipping_stress": 20.37735631772324, "energy_stress": -12.570238747745567}