{"stress_score": 53, "shipping_stress": 16.5461107981538, "energy_stress": -15.388809904732037}