{"stress_score": 93, "shipping_stress": 14.366204145053786, "energy_stress": 87.25808828316619}