{"stress_score": 80, "shipping_stress": 6.7108570016289, "energy_stress": 67.17511299790064}