{"stress_score": 53, "shipping_stress": 23.44065367948962, "energy_stress": -25.161939304856407}