{"stress_score": 89, "shipping_stress": 10.20583661775718, "energy_stress": 83.87731099512334}