{"stress_score": 57, "shipping_stress": 21.028037758016804, "energy_stress": -12.66623745974046}