{"stress_score": 95, "shipping_stress": 12.842465417875903, "energy_stress": 95.73483316631545}