{"stress_score": 86, "shipping_stress": 10.038610003068138, "energy_stress": 74.98309565455668}