{"stress_score": 75, "shipping_stress": 5.961377390791878, "energy_stress": 53.844478338051836}