{"stress_score": 99, "shipping_stress": 13.083044636189523, "energy_stress": 104.95648409053486}