{"stress_score": 93, "shipping_stress": 14.126708693655644, "energy_stress": 87.56105505061764}