{"stress_score": 58, "shipping_stress": 16.725042334955464, "energy_stress": -4.893013833875825}