{"stress_score": 69, "shipping_stress": 16.822431988982302, "energy_stress": 24.29430750448549}