{"stress_score": 65, "shipping_stress": 20.38462420187086, "energy_stress": 8.818314465097533}