{"stress_score": 58, "shipping_stress": 15.469053555377643, "energy_stress": -2.1216750603441192}