{"stress_score": 90, "shipping_stress": 4.642861309100232, "energy_stress": 95.2608426424503}