{"stress_score": 84, "shipping_stress": 7.689037364261431, "energy_stress": 74.19035291843197}