{"stress_score": 81, "shipping_stress": 11.71874839928928, "energy_stress": 61.48065673521796}