{"stress_score": 94, "shipping_stress": 22.345137901412237, "energy_stress": 76.9315523217169}