{"stress_score": 74, "shipping_stress": 7.610469158586897, "energy_stress": 49.994259797370844}