{"stress_score": 81, "shipping_stress": -0.72859678543995, "energy_stress": 80.1850678385837}