{"stress_score": 72, "shipping_stress": 5.891974612284967, "energy_stress": 48.05596137543655}