{"stress_score": 88, "shipping_stress": 16.326524455663627, "energy_stress": 71.09559487394144}